departement,participation,date
44,27.91,2007_T1_12h
04,41.57,2007_T1_12h
03,35.2,2007_T1_12h
02,28.14,2007_T1_12h
01,31.82,2007_T1_12h
43,36,2007_T1_12h
42,38.6,2007_T1_12h
45,28.57,2007_T1_12h
05,34.34,2007_T1_12h
06,33.04,2007_T1_12h
07,40.06,2007_T1_12h
08,33.6,2007_T1_12h
46,40,2007_T1_12h
47,37.28,2007_T1_12h
48,33,2007_T1_12h
49,33.81,2007_T1_12h
50,27.67,2007_T1_12h
09,31.59,2007_T1_12h
10,32.2,2007_T1_12h
11,35.39,2007_T1_12h
12,39.3,2007_T1_12h
13,30.8,2007_T1_12h
14,32.25,2007_T1_12h
51,26.32,2007_T1_12h
52,35.19,2007_T1_12h
53,29.2,2007_T1_12h
54,33.13,2007_T1_12h
55,35.62,2007_T1_12h
56,27.77,2007_T1_12h
57,31.75,2007_T1_12h
58,28.17,2007_T1_12h
59,28.99,2007_T1_12h
60,32.56,2007_T1_12h
61,27.04,2007_T1_12h
62,25.99,2007_T1_12h
63,32.31,2007_T1_12h
64,32.97,2007_T1_12h
65,28.9,2007_T1_12h
66,35.24,2007_T1_12h
67,28.1,2007_T1_12h
68,29.2,2007_T1_12h
69,32.92,2007_T1_12h
70,36.9,2007_T1_12h
15,42.35,2007_T1_12h
16,32.8,2007_T1_12h
17,33.68,2007_T1_12h
18,32.56,2007_T1_12h
19,38.1,2007_T1_12h
2A,32.75,2007_T1_12h
2B,28.49,2007_T1_12h
21,35.64,2007_T1_12h
22,26.92,2007_T1_12h
23,32.8,2007_T1_12h
71,36.3,2007_T1_12h
72,31.61,2007_T1_12h
73,36.2,2007_T1_12h
74,31.15,2007_T1_12h
75,20,2007_T1_12h
76,32.12,2007_T1_12h
77,25.84,2007_T1_12h
78,25.63,2007_T1_12h
79,32.81,2007_T1_12h
80,34.45,2007_T1_12h
81,36.25,2007_T1_12h
82,30.42,2007_T1_12h
83,36.1,2007_T1_12h
24,39.4,2007_T1_12h
25,36.05,2007_T1_12h
26,29.69,2007_T1_12h
27,34.89,2007_T1_12h
28,25.79,2007_T1_12h
29,29.74,2007_T1_12h
30,35.98,2007_T1_12h
31,38.69,2007_T1_12h
32,39.92,2007_T1_12h
33,37.46,2007_T1_12h
84,31.76,2007_T1_12h
85,38.46,2007_T1_12h
86,28.14,2007_T1_12h
87,36.3,2007_T1_12h
88,36.23,2007_T1_12h
89,32.74,2007_T1_12h
90,30.69,2007_T1_12h
91,25.56,2007_T1_12h
92,24.07,2007_T1_12h
93,19,2007_T1_12h
38,36.15,2007_T1_12h
39,33.95,2007_T1_12h
40,36.94,2007_T1_12h
41,29.79,2007_T1_12h
34,33.36,2007_T1_12h
35,28.02,2007_T1_12h
36,30.16,2007_T1_12h
37,35.03,2007_T1_12h
94,22.48,2007_T1_12h
95,23.2,2007_T1_12h
971,16.94,2007_T1_12h
972,19.13,2007_T1_12h
973,18.68,2007_T1_12h
974,27.91,2007_T1_12h
976,15.75,2007_T1_12h
01,24.1,2002_T1_12h
02,21.3,2002_T1_12h
03,22.7,2002_T1_12h
04,22,2002_T1_12h
05,25.07,2002_T1_12h
06,17.89,2002_T1_12h
07,22.11,2002_T1_12h
08,19.95,2002_T1_12h
09,26.15,2002_T1_12h
10,23.6,2002_T1_12h
11,22.06,2002_T1_12h
12,29.82,2002_T1_12h
13,22.36,2002_T1_12h
14,18.88,2002_T1_12h
15,23.68,2002_T1_12h
16,23.67,2002_T1_12h
17,22.88,2002_T1_12h
18,24.37,2002_T1_12h
19,24.5,2002_T1_12h
2A,23.5,2002_T1_12h
2B,16.96,2002_T1_12h
21,23.49,2002_T1_12h
22,19.88,2002_T1_12h
23,25.47,2002_T1_12h
24,31.4,2002_T1_12h
25,19.5,2002_T1_12h
26,20.12,2002_T1_12h
27,20.34,2002_T1_12h
28,18.69,2002_T1_12h
29,21.53,2002_T1_12h
30,23.61,2002_T1_12h
31,19.82,2002_T1_12h
32,28.45,2002_T1_12h
33,22.93,2002_T1_12h
34,21.08,2002_T1_12h
35,17.9,2002_T1_12h
36,22.26,2002_T1_12h
37,20.53,2002_T1_12h
38,19.42,2002_T1_12h
39,24.09,2002_T1_12h
40,26.44,2002_T1_12h
41,24.96,2002_T1_12h
84,27.41,2002_T1_12h
85,23.46,2002_T1_12h
86,19.13,2002_T1_12h
87,21.11,2002_T1_12h
88,21.31,2002_T1_12h
89,24.84,2002_T1_12h
90,23,2002_T1_12h
91,19.91,2002_T1_12h
92,16.72,2002_T1_12h
42,64,2002_T1_17h
42,27.5,2002_T1_12h
43,25.42,2002_T1_12h
44,19.75,2002_T1_12h
45,23.59,2002_T1_12h
46,25.4,2002_T1_12h
47,22.46,2002_T1_12h
48,25.91,2002_T1_12h
49,19.85,2002_T1_12h
50,23.14,2002_T1_12h
51,19.46,2002_T1_12h
52,26.81,2002_T1_12h
53,21.21,2002_T1_12h
54,21.39,2002_T1_12h
55,23.29,2002_T1_12h
56,20.55,2002_T1_12h
57,18.52,2002_T1_12h
58,25.75,2002_T1_12h
59,18.5,2002_T1_12h
60,23.74,2002_T1_12h
61,25.2,2002_T1_12h
62,20.78,2002_T1_12h
63,24.9,2002_T1_12h
64,20.93,2002_T1_12h
65,24.03,2002_T1_12h
66,23.27,2002_T1_12h
67,20.39,2002_T1_12h
68,19.9,2002_T1_12h
69,23.56,2002_T1_12h
70,27.25,2002_T1_12h
71,22.43,2002_T1_12h
72,22.79,2002_T1_12h
73,25.44,2002_T1_12h
74,21.07,2002_T1_12h
75,17.6,2002_T1_12h
76,19.7,2002_T1_12h
77,18.8,2002_T1_12h
78,21.22,2002_T1_12h
79,22.32,2002_T1_12h
80,22.1,2002_T1_12h
81,21.64,2002_T1_12h
82,25.4,2002_T1_12h
83,27.4,2002_T1_12h
93,16.24,2002_T1_12h
94,16.92,2002_T1_12h
95,19.45,2002_T1_12h
971,12,2002_T1_12h
972,14.85,2002_T1_12h
973,17.22,2002_T1_12h
974,21.02,2002_T1_12h
42,34.21,2012_T1_12h
43,35.98,2012_T1_12h
44,25.95,2012_T1_12h
45,29.56,2012_T1_12h
46,29.06,2012_T1_12h
47,36.15,2012_T1_12h
48,33.22,2012_T1_12h
49,26.12,2012_T1_12h
50,25.37,2012_T1_12h
51,23.52,2012_T1_12h
52,27.38,2012_T1_12h
53,29.69,2012_T1_12h
54,28.38,2012_T1_12h
55,30,2012_T1_12h
56,27.31,2012_T1_12h
57,21.53,2012_T1_12h
58,29.25,2012_T1_12h
59,25.99,2012_T1_12h
60,33.79,2012_T1_12h
61,29.36,2012_T1_12h
62,25.28,2012_T1_12h
63,28.17,2012_T1_12h
64,28.94,2012_T1_12h
65,28.77,2012_T1_12h
66,33.1,2012_T1_12h
67,25.21,2012_T1_12h
68,28.23,2012_T1_12h
69,28,2012_T1_12h
70,33.58,2012_T1_12h
71,32.86,2012_T1_12h
01,29.87,2012_T1_12h
02,25.41,2012_T1_12h
03,33.22,2012_T1_12h
04,35.72,2012_T1_12h
05,34.13,2012_T1_12h
06,30.99,2012_T1_12h
07,32.44,2012_T1_12h
08,24.29,2012_T1_12h
09,34.93,2012_T1_12h
10,24.85,2012_T1_12h
11,30.5,2012_T1_12h
12,31.41,2012_T1_12h
13,30.29,2012_T1_12h
14,28.33,2012_T1_12h
15,38.93,2012_T1_12h
16,30.42,2012_T1_12h
17,30.8,2012_T1_12h
18,31.94,2012_T1_12h
19,34.1,2012_T1_12h
2A,23.83,2012_T1_12h
2B,30.82,2012_T1_12h
21,24.06,2012_T1_12h
22,28.53,2012_T1_12h
23,28.83,2012_T1_12h
24,34.55,2012_T1_12h
25,28.74,2012_T1_12h
26,29.37,2012_T1_12h
27,33.27,2012_T1_12h
28,27.04,2012_T1_12h
29,22.17,2012_T1_12h
30,29.29,2012_T1_12h
31,33.9,2012_T1_12h
32,39.28,2012_T1_12h
33,35.08,2012_T1_12h
34,30.61,2012_T1_12h
35,24.77,2012_T1_12h
36,33.77,2012_T1_12h
37,30.47,2012_T1_12h
38,32.1,2012_T1_12h
39,35.94,2012_T1_12h
72,34.43,2012_T1_12h
73,31.9,2012_T1_12h
74,26.01,2012_T1_12h
75,21.69,2012_T1_12h
76,26.97,2012_T1_12h
77,24.35,2012_T1_12h
78,24.98,2012_T1_12h
79,33.57,2012_T1_12h
80,32.66,2012_T1_12h
81,28.1,2012_T1_12h
82,32.23,2012_T1_12h
83,31.82,2012_T1_12h
40,34.14,2012_T1_12h
41,33.2,2012_T1_12h
84,35.3,2012_T1_12h
85,28,2012_T1_12h
86,27.08,2012_T1_12h
87,33.15,2012_T1_12h
88,33.15,2012_T1_12h
89,30.97,2012_T1_12h
95,19.78,2012_T1_12h
94,21.26,2012_T1_12h
93,22.51,2012_T1_12h
92,21.66,2012_T1_12h
91,22.73,2012_T1_12h
90,28.28,2012_T1_12h
43,64.26,2002_T1_17h
44,57.54,2002_T1_17h
45,61.34,2002_T1_17h
46,60.1,2002_T1_17h
47,58.51,2002_T1_17h
48,65.9,2002_T1_17h
49,64.94,2002_T1_17h
50,62.97,2002_T1_17h
51,54.85,2002_T1_17h
52,63.27,2002_T1_17h
53,61.74,2002_T1_17h
54,58.49,2002_T1_17h
55,63.3,2002_T1_17h
56,64.07,2002_T1_17h
57,53.79,2002_T1_17h
58,61.05,2002_T1_17h
59,57.8,2002_T1_17h
60,60.05,2002_T1_17h
61,66.5,2002_T1_17h
62,61.04,2002_T1_17h
63,60.71,2002_T1_17h
64,58.03,2002_T1_17h
65,59.23,2002_T1_17h
66,61.21,2002_T1_17h
67,56.44,2002_T1_17h
68,58.25,2002_T1_17h
69,57.5,2002_T1_17h
70,68.21,2002_T1_17h
71,57.19,2002_T1_17h
72,62.81,2002_T1_17h
73,61.25,2002_T1_17h
74,56.4,2002_T1_17h
75,52,2002_T1_17h
76,61.21,2002_T1_17h
77,56.14,2002_T1_17h
78,53.89,2002_T1_17h
79,64.31,2002_T1_17h
80,61.4,2002_T1_17h
81,62.71,2002_T1_17h
82,64.99,2002_T1_17h
83,60.83,2002_T1_17h
84,64.58,2002_T1_17h
85,58.78,2002_T1_17h
86,60.82,2002_T1_17h
87,62.28,2002_T1_17h
88,59.34,2002_T1_17h
89,61.88,2002_T1_17h
90,61.5,2002_T1_17h
91,53.15,2002_T1_17h
92,46.18,2002_T1_17h
93,46.4,2002_T1_17h
94,46.9,2002_T1_17h
95,53.8,2002_T1_17h
971,28,2002_T1_17h
972,32.05,2002_T1_17h
973,41.86,2002_T1_17h
974,46,2002_T1_17h
01,57.45,2002_T1_17h
02,60.2,2002_T1_17h
03,61.54,2002_T1_17h
04,61.16,2002_T1_17h
05,63.14,2002_T1_17h
06,47.12,2002_T1_17h
07,58.8,2002_T1_17h
08,65.81,2002_T1_17h
09,64.15,2002_T1_17h
10,65.1,2002_T1_17h
11,66.92,2002_T1_17h
12,67.23,2002_T1_17h
13,57.2,2002_T1_17h
14,57.36,2002_T1_17h
15,63.22,2002_T1_17h
16,63.01,2002_T1_17h
17,60.4,2002_T1_17h
18,60.79,2002_T1_17h
19,67.69,2002_T1_17h
2A,56.2,2002_T1_17h
2B,46.83,2002_T1_17h
21,60.1,2002_T1_17h
22,63.78,2002_T1_17h
23,63.7,2002_T1_17h
24,68.32,2002_T1_17h
25,67.5,2002_T1_17h
26,56.98,2002_T1_17h
27,59.31,2002_T1_17h
28,56.33,2002_T1_17h
29,63.78,2002_T1_17h
30,59.66,2002_T1_17h
31,57.22,2002_T1_17h
32,65.24,2002_T1_17h
33,58.44,2002_T1_17h
34,59.59,2002_T1_17h
35,62.09,2002_T1_17h
36,62.49,2002_T1_17h
37,61.94,2002_T1_17h
38,50.94,2002_T1_17h
39,60.73,2002_T1_17h
40,61.93,2002_T1_17h
41,64,2002_T1_17h
01,73.33,2007_T1_17h
02,68.8,2007_T1_17h
03,77.07,2007_T1_17h
04,79.42,2007_T1_17h
05,73.63,2007_T1_17h
06,68.47,2007_T1_17h
07,81.68,2007_T1_17h
08,76.6,2007_T1_17h
09,76.58,2007_T1_17h
10,73.6,2007_T1_17h
11,74.09,2007_T1_17h
12,81.03,2007_T1_17h
13,75.08,2007_T1_17h
14,74.43,2007_T1_17h
15,81,2007_T1_17h
16,74.51,2007_T1_17h
17,76.22,2007_T1_17h
18,69.22,2007_T1_17h
19,82.26,2007_T1_17h
2A,67.92,2007_T1_17h
2B,67.6,2007_T1_17h
21,76.09,2007_T1_17h
22,72.83,2007_T1_17h
23,74.29,2007_T1_17h
24,81.67,2007_T1_17h
25,74.92,2007_T1_17h
26,73.3,2007_T1_17h
27,75.11,2007_T1_17h
28,71.96,2007_T1_17h
29,80.01,2007_T1_17h
30,79.61,2007_T1_17h
31,74.75,2007_T1_17h
32,80.67,2007_T1_17h
33,77.91,2007_T1_17h
34,77.22,2007_T1_17h
35,74.86,2007_T1_17h
36,73.06,2007_T1_17h
37,76.8,2007_T1_17h
38,77.01,2007_T1_17h
39,78.89,2007_T1_17h
40,78.51,2007_T1_17h
41,73.79,2007_T1_17h
84,77.36,2007_T1_17h
85,78.8,2007_T1_17h
86,75.21,2007_T1_17h
87,80.3,2007_T1_17h
88,74.54,2007_T1_17h
89,73.59,2007_T1_17h
90,71.89,2007_T1_17h
91,71.25,2007_T1_17h
92,64.48,2007_T1_17h
93,56,2007_T1_17h
94,65.52,2007_T1_17h
95,68.86,2007_T1_17h
971,38.08,2007_T1_17h
972,41.56,2007_T1_17h
973,53.32,2007_T1_17h
974,63.34,2007_T1_17h
976,34.28,2007_T1_17h
42,76.33,2007_T1_17h
43,80,2007_T1_17h
44,76.93,2007_T1_17h
45,77.21,2007_T1_17h
46,80.75,2007_T1_17h
47,79.41,2007_T1_17h
48,78,2007_T1_17h
49,81.77,2007_T1_17h
50,75.84,2007_T1_17h
51,64.98,2007_T1_17h
52,74.37,2007_T1_17h
53,80.4,2007_T1_17h
54,76.8,2007_T1_17h
55,75.16,2007_T1_17h
56,73.82,2007_T1_17h
57,74.17,2007_T1_17h
58,72.65,2007_T1_17h
59,69.26,2007_T1_17h
60,74.95,2007_T1_17h
61,74.09,2007_T1_17h
62,72.22,2007_T1_17h
63,78.09,2007_T1_17h
64,74.59,2007_T1_17h
65,74.02,2007_T1_17h
66,78.1,2007_T1_17h
67,71.05,2007_T1_17h
68,72.63,2007_T1_17h
69,74.26,2007_T1_17h
70,78.06,2007_T1_17h
71,76.69,2007_T1_17h
72,75.26,2007_T1_17h
73,79.04,2007_T1_17h
74,76.27,2007_T1_17h
75,62.2,2007_T1_17h
76,71.56,2007_T1_17h
77,73.96,2007_T1_17h
78,70.89,2007_T1_17h
79,78.58,2007_T1_17h
80,75.66,2007_T1_17h
81,77.79,2007_T1_17h
82,74.12,2007_T1_17h
83,73.5,2007_T1_17h
01,76.54,2012_T1_17h
02,70.05,2012_T1_17h
03,74.35,2012_T1_17h
04,77.44,2012_T1_17h
05,70.31,2012_T1_17h
06,69.44,2012_T1_17h
07,72.08,2012_T1_17h
08,68.12,2012_T1_17h
09,79.28,2012_T1_17h
10,66.03,2012_T1_17h
11,74.31,2012_T1_17h
12,78.53,2012_T1_17h
13,71.29,2012_T1_17h
14,69.37,2012_T1_17h
15,79.29,2012_T1_17h
16,71.74,2012_T1_17h
17,70.76,2012_T1_17h
18,70.84,2012_T1_17h
19,73.59,2012_T1_17h
2A,67.48,2012_T1_17h
2B,65.39,2012_T1_17h
21,69.29,2012_T1_17h
22,77.46,2012_T1_17h
23,72.68,2012_T1_17h
24,78.06,2012_T1_17h
25,71.3,2012_T1_17h
26,67.15,2012_T1_17h
27,74.89,2012_T1_17h
28,72.14,2012_T1_17h
29,71.86,2012_T1_17h
30,73.59,2012_T1_17h
31,75.04,2012_T1_17h
32,75.9,2012_T1_17h
33,77.85,2012_T1_17h
34,73.15,2012_T1_17h
54,69.3,2012_T1_17h
55,71.51,2012_T1_17h
56,73.77,2012_T1_17h
57,65.97,2012_T1_17h
58,72.58,2012_T1_17h
59,71.77,2012_T1_17h
60,76.96,2012_T1_17h
61,74.08,2012_T1_17h
62,67.25,2012_T1_17h
63,69.89,2012_T1_17h
64,67.64,2012_T1_17h
65,73.86,2012_T1_17h
66,76.14,2012_T1_17h
67,67.44,2012_T1_17h
68,68.61,2012_T1_17h
69,72,2012_T1_17h
70,73.74,2012_T1_17h
71,70.62,2012_T1_17h
72,76.66,2012_T1_17h
73,73.85,2012_T1_17h
74,67.42,2012_T1_17h
75,59.07,2012_T1_17h
76,67.85,2012_T1_17h
77,64.07,2012_T1_17h
78,64.84,2012_T1_17h
79,75.1,2012_T1_17h
80,73.84,2012_T1_17h
81,72.45,2012_T1_17h
82,76.89,2012_T1_17h
83,71.39,2012_T1_17h
84,72.9,2012_T1_17h
85,75.06,2012_T1_17h
86,73.86,2012_T1_17h
87,75.95,2012_T1_17h
88,74.08,2012_T1_17h
89,74.11,2012_T1_17h
90,71.6,2012_T1_17h
91,64.16,2012_T1_17h
92,61.89,2012_T1_17h
93,59.9,2012_T1_17h
94,62.3,2012_T1_17h
95,59.08,2012_T1_17h
35,71.37,2012_T1_17h
36,74.08,2012_T1_17h
37,71.36,2012_T1_17h
38,74.07,2012_T1_17h
39,77.29,2012_T1_17h
40,76.05,2012_T1_17h
41,73.71,2012_T1_17h
42,75.43,2012_T1_17h
43,77.97,2012_T1_17h
44,74.23,2012_T1_17h
45,69.83,2012_T1_17h
46,76.2,2012_T1_17h
47,74.69,2012_T1_17h
48,73.35,2012_T1_17h
49,77.54,2012_T1_17h
50,69.68,2012_T1_17h
51,65.97,2012_T1_17h
52,68.73,2012_T1_17h
53,75.85,2012_T1_17h
976,15.72,2007_T2_12h
974,31.24,2007_T2_12h
972,20.9,2007_T2_12h
971,21.4,2007_T2_12h
95,27.62,2007_T2_12h
94,25.85,2007_T2_12h
93,24,2007_T2_12h
92,31.17,2007_T2_12h
91,30.46,2007_T2_12h
90,30.02,2007_T2_12h
89,34.16,2007_T2_12h
88,37.88,2007_T2_12h
87,37.35,2007_T2_12h
86,31.37,2007_T2_12h
85,41.7,2007_T2_12h
84,35.06,2007_T2_12h
83,37,2007_T2_12h
82,33.22,2007_T2_12h
81,34.8,2007_T2_12h
80,36.36,2007_T2_12h
79,34.93,2007_T2_12h
78,29.27,2007_T2_12h
77,28.41,2007_T2_12h
76,32.02,2007_T2_12h
75,29.25,2007_T2_12h
74,34.24,2007_T2_12h
73,36.57,2007_T2_12h
72,37.64,2007_T2_12h
71,37.05,2007_T2_12h
70,41.38,2007_T2_12h
69,36.23,2007_T2_12h
68,31.95,2007_T2_12h
67,31.54,2007_T2_12h
66,37.43,2007_T2_12h
65,30.3,2007_T2_12h
64,33.43,2007_T2_12h
63,35.38,2007_T2_12h
62,27.93,2007_T2_12h
61,28.49,2007_T2_12h
60,34.02,2007_T2_12h
59,36.67,2007_T2_12h
58,30.35,2007_T2_12h
57,32.39,2007_T2_12h
56,34.22,2007_T2_12h
55,36.04,2007_T2_12h
54,38.27,2007_T2_12h
53,36.73,2007_T2_12h
52,33.5,2007_T2_12h
51,29.95,2007_T2_12h
50,30.17,2007_T2_12h
49,39.85,2007_T2_12h
48,35,2007_T2_12h
47,39.82,2007_T2_12h
46,43.46,2007_T2_12h
45,29.35,2007_T2_12h
44,37.98,2007_T2_12h
43,33.55,2007_T2_12h
42,41.41,2007_T2_12h
41,28.92,2007_T2_12h
40,36.03,2007_T2_12h
39,35.08,2007_T2_12h
38,37.32,2007_T2_12h
37,34.89,2007_T2_12h
36,33.3,2007_T2_12h
35,33.72,2007_T2_12h
34,38.63,2007_T2_12h
33,38.28,2007_T2_12h
32,40.7,2007_T2_12h
31,38.78,2007_T2_12h
30,40.5,2007_T2_12h
29,32.5,2007_T2_12h
28,29.72,2007_T2_12h
27,38.73,2007_T2_12h
26,33.32,2007_T2_12h
25,36.82,2007_T2_12h
24,38.82,2007_T2_12h
23,32.6,2007_T2_12h
22,32.27,2007_T2_12h
21,37.25,2007_T2_12h
2B,30,2007_T2_12h
2A,31.56,2007_T2_12h
19,41.63,2007_T2_12h
18,28.55,2007_T2_12h
17,38.35,2007_T2_12h
16,36.28,2007_T2_12h
15,43.66,2007_T2_12h
14,34.05,2007_T2_12h
13,32.11,2007_T2_12h
12,39.06,2007_T2_12h
11,36.47,2007_T2_12h
10,31.95,2007_T2_12h
09,32.51,2007_T2_12h
08,35.09,2007_T2_12h
07,41.38,2007_T2_12h
06,35.93,2007_T2_12h
05,37.38,2007_T2_12h
04,41.67,2007_T2_12h
03,34.69,2007_T2_12h
02,27.61,2007_T2_12h
01,32.78,2007_T2_12h
01,77.26,2007_T2_17h
02,73.24,2007_T2_17h
03,76.54,2007_T2_17h
04,79.61,2007_T2_17h
05,78.03,2007_T2_17h
06,71.75,2007_T2_17h
07,81.51,2007_T2_17h
08,77.6,2007_T2_17h
09,76.29,2007_T2_17h
10,74.02,2007_T2_17h
11,75.91,2007_T2_17h
12,81.3,2007_T2_17h
13,74.58,2007_T2_17h
14,75.52,2007_T2_17h
15,83,2007_T2_17h
16,76.81,2007_T2_17h
17,79.02,2007_T2_17h
18,69.17,2007_T2_17h
19,80.7,2007_T2_17h
2A,69.69,2007_T2_17h
2B,72.41,2007_T2_17h
21,79.41,2007_T2_17h
22,80.74,2007_T2_17h
23,74.15,2007_T2_17h
24,81.56,2007_T2_17h
25,76.87,2007_T2_17h
26,72.1,2007_T2_17h
27,81.41,2007_T2_17h
28,74.46,2007_T2_17h
29,80.03,2007_T2_17h
30,78.6,2007_T2_17h
31,82.64,2007_T2_17h
32,81.01,2007_T2_17h
33,78.7,2007_T2_17h
34,79.2,2007_T2_17h
35,77.67,2007_T2_17h
36,78.11,2007_T2_17h
37,76.07,2007_T2_17h
38,78.36,2007_T2_17h
39,78.35,2007_T2_17h
40,75.38,2007_T2_17h
41,69.55,2007_T2_17h
42,77.19,2007_T2_17h
43,77.61,2007_T2_17h
44,74.91,2007_T2_17h
45,75.36,2007_T2_17h
46,84.42,2007_T2_17h
47,79.34,2007_T2_17h
48,80,2007_T2_17h
49,80.22,2007_T2_17h
50,75.04,2007_T2_17h
51,65.71,2007_T2_17h
52,74.43,2007_T2_17h
53,79.15,2007_T2_17h
54,74.68,2007_T2_17h
55,75.88,2007_T2_17h
56,75.24,2007_T2_17h
57,72.26,2007_T2_17h
58,75.12,2007_T2_17h
59,74.37,2007_T2_17h
60,77.61,2007_T2_17h
61,72.19,2007_T2_17h
62,70.3,2007_T2_17h
63,79.64,2007_T2_17h
64,75.83,2007_T2_17h
65,75.2,2007_T2_17h
66,74.22,2007_T2_17h
67,71.4,2007_T2_17h
68,76.95,2007_T2_17h
69,74.69,2007_T2_17h
70,77.63,2007_T2_17h
71,76.45,2007_T2_17h
72,75.86,2007_T2_17h
73,79.42,2007_T2_17h
74,75.81,2007_T2_17h
75,68.27,2007_T2_17h
76,76.45,2007_T2_17h
77,70.63,2007_T2_17h
78,69.09,2007_T2_17h
79,77.04,2007_T2_17h
80,74.73,2007_T2_17h
81,77.51,2007_T2_17h
82,77.44,2007_T2_17h
83,77,2007_T2_17h
84,77.29,2007_T2_17h
85,80.25,2007_T2_17h
86,75.02,2007_T2_17h
87,80.38,2007_T2_17h
88,74.5,2007_T2_17h
89,74.68,2007_T2_17h
90,71.86,2007_T2_17h
91,70.21,2007_T2_17h
92,71.23,2007_T2_17h
93,65,2007_T2_17h
94,66.24,2007_T2_17h
95,68.64,2007_T2_17h
971,43.2,2007_T2_17h
972,41.24,2007_T2_17h
974,66.77,2007_T2_17h
976,37.68,2007_T2_17h
01,32.45,2012_T2_12h
47,36.55,2012_T2_12h
48,34.01,2012_T2_12h
49,28.71,2012_T2_12h
50,26.62,2012_T2_12h
51,24.32,2012_T2_12h
52,29.69,2012_T2_12h
53,29.67,2012_T2_12h
54,34.13,2012_T2_12h
55,33.3,2012_T2_12h
56,31.88,2012_T2_12h
57,25.46,2012_T2_12h
58,29.95,2012_T2_12h
59,27.91,2012_T2_12h
60,33.26,2012_T2_12h
61,31.41,2012_T2_12h
62,25.76,2012_T2_12h
63,31.98,2012_T2_12h
64,34.88,2012_T2_12h
65,34.13,2012_T2_12h
66,33.59,2012_T2_12h
67,29.4,2012_T2_12h
68,26.54,2012_T2_12h
69,32.45,2012_T2_12h
70,32.31,2012_T2_12h
71,36.27,2012_T2_12h
72,36.82,2012_T2_12h
73,36.02,2012_T2_12h
74,28.82,2012_T2_12h
75,23.81,2012_T2_12h
76,29.95,2012_T2_12h
77,30.61,2012_T2_12h
78,25.39,2012_T2_12h
79,36.83,2012_T2_12h
80,32.96,2012_T2_12h
81,31.29,2012_T2_12h
82,34.39,2012_T2_12h
83,34.38,2012_T2_12h
84,34.72,2012_T2_12h
85,33.23,2012_T2_12h
86,28.52,2012_T2_12h
87,35.23,2012_T2_12h
88,34.93,2012_T2_12h
89,33.72,2012_T2_12h
90,32.8,2012_T2_12h
91,24.54,2012_T2_12h
92,25.61,2012_T2_12h
93,23.59,2012_T2_12h
94,19.28,2012_T2_12h
95,18.86,2012_T2_12h
02,24.38,2012_T2_12h
03,36.61,2012_T2_12h
04,38.35,2012_T2_12h
05,36.46,2012_T2_12h
06,31.59,2012_T2_12h
07,34.67,2012_T2_12h
08,29.07,2012_T2_12h
09,36.88,2012_T2_12h
10,24.35,2012_T2_12h
11,34.15,2012_T2_12h
12,37.65,2012_T2_12h
13,30.76,2012_T2_12h
14,33.22,2012_T2_12h
15,40.85,2012_T2_12h
16,35.13,2012_T2_12h
17,32.82,2012_T2_12h
18,31.94,2012_T2_12h
19,32.44,2012_T2_12h
2A,28.12,2012_T2_12h
2B,35.65,2012_T2_12h
21,31.37,2012_T2_12h
22,33.07,2012_T2_12h
23,30.04,2012_T2_12h
24,36.23,2012_T2_12h
25,29.62,2012_T2_12h
26,36.14,2012_T2_12h
27,30.6,2012_T2_12h
28,30.82,2012_T2_12h
29,24.81,2012_T2_12h
30,35.45,2012_T2_12h
31,30.62,2012_T2_12h
32,44.15,2012_T2_12h
33,37.54,2012_T2_12h
34,34.16,2012_T2_12h
35,28.78,2012_T2_12h
36,36.89,2012_T2_12h
37,33.84,2012_T2_12h
38,36.11,2012_T2_12h
39,38.58,2012_T2_12h
40,37.87,2012_T2_12h
41,31.88,2012_T2_12h
42,39.61,2012_T2_12h
43,37.38,2012_T2_12h
44,30.46,2012_T2_12h
45,27.31,2012_T2_12h
46,32.46,2012_T2_12h
01,75.85,2012_T2_17h
02,69.42,2012_T2_17h
03,74.45,2012_T2_17h
04,77.15,2012_T2_17h
05,69.74,2012_T2_17h
06,70.43,2012_T2_17h
07,69.98,2012_T2_17h
08,68.66,2012_T2_17h
09,77.98,2012_T2_17h
10,64.79,2012_T2_17h
11,75.44,2012_T2_17h
12,79.3,2012_T2_17h
13,72.07,2012_T2_17h
14,70.91,2012_T2_17h
15,80.11,2012_T2_17h
16,75.4,2012_T2_17h
17,72.64,2012_T2_17h
18,71.46,2012_T2_17h
19,74.82,2012_T2_17h
2A,67.36,2012_T2_17h
2B,68.62,2012_T2_17h
21,71.89,2012_T2_17h
22,77.43,2012_T2_17h
23,72.5,2012_T2_17h
24,78.43,2012_T2_17h
25,70.41,2012_T2_17h
26,69.64,2012_T2_17h
27,74.85,2012_T2_17h
28,73.48,2012_T2_17h
29,73.34,2012_T2_17h
30,76.7,2012_T2_17h
31,76.9,2012_T2_17h
32,77.43,2012_T2_17h
33,79.03,2012_T2_17h
34,74.55,2012_T2_17h
35,72.21,2012_T2_17h
36,74.26,2012_T2_17h
37,74.59,2012_T2_17h
38,73.97,2012_T2_17h
39,77.45,2012_T2_17h
40,77.44,2012_T2_17h
41,75.07,2012_T2_17h
42,74.29,2012_T2_17h
43,77.64,2012_T2_17h
44,76.17,2012_T2_17h
45,69.69,2012_T2_17h
46,78.75,2012_T2_17h
47,74.65,2012_T2_17h
48,76.89,2012_T2_17h
49,77.09,2012_T2_17h
50,75.09,2012_T2_17h
51,66.05,2012_T2_17h
52,69.16,2012_T2_17h
53,75.05,2012_T2_17h
54,71.67,2012_T2_17h
55,74.6,2012_T2_17h
56,74.81,2012_T2_17h
57,67.29,2012_T2_17h
58,71.65,2012_T2_17h
59,72.31,2012_T2_17h
60,76.3,2012_T2_17h
61,72.64,2012_T2_17h
62,68.9,2012_T2_17h
63,71,2012_T2_17h
64,72.76,2012_T2_17h
65,75.77,2012_T2_17h
66,75.2,2012_T2_17h
67,67.02,2012_T2_17h
68,67.68,2012_T2_17h
69,70.62,2012_T2_17h
70,74.11,2012_T2_17h
71,71.74,2012_T2_17h
72,76.54,2012_T2_17h
73,74.18,2012_T2_17h
74,67.67,2012_T2_17h
75,64.04,2012_T2_17h
76,70.98,2012_T2_17h
77,74.61,2012_T2_17h
78,67.95,2012_T2_17h
79,75.14,2012_T2_17h
80,73.51,2012_T2_17h
81,72.78,2012_T2_17h
82,77.9,2012_T2_17h
83,73.02,2012_T2_17h
84,71.36,2012_T2_17h
85,74.92,2012_T2_17h
86,73.79,2012_T2_17h
87,76.5,2012_T2_17h
88,74.45,2012_T2_17h
89,72.65,2012_T2_17h
90,71.85,2012_T2_17h
91,66.93,2012_T2_17h
92,65.92,2012_T2_17h
93,64.8,2012_T2_17h
94,63.74,2012_T2_17h
95,62.17,2012_T2_17h
